"Package","Class Name","TCC value"
"org.apache.commons.collections4","ArrayStack","0.0"
"org.apache.commons.collections4",,
"org.apache.commons.collections4.bag","AbstractBagDecorator","0.0"
"org.apache.commons.collections4.bag","AbstractMapBag","0.27666666666666667"
"org.apache.commons.collections4.bag","AbstractSortedBagDecorator","0.0"
"org.apache.commons.collections4.bag","CollectionBag","0.0"
"org.apache.commons.collections4.bag","CollectionSortedBag","0.0"
"org.apache.commons.collections4.bag","HashBag","0.0"
"org.apache.commons.collections4.bag","PredicatedBag","0.0"
"org.apache.commons.collections4.bag","PredicatedSortedBag","0.0"
"org.apache.commons.collections4.bag","SynchronizedBag","0.0"
"org.apache.commons.collections4.bag","SynchronizedSortedBag","0.0"
"org.apache.commons.collections4.bag","TransformedBag","0.0"
"org.apache.commons.collections4.bag","TransformedSortedBag","0.0"
"org.apache.commons.collections4.bag","TreeBag","0.0"
"org.apache.commons.collections4.bag","UnmodifiableBag","0.0"
"org.apache.commons.collections4.bag","UnmodifiableSortedBag","0.0"
"org.apache.commons.collections4","Bag","0.0"
"org.apache.commons.collections4","BagUtils","0.0"
"org.apache.commons.collections4.bidimap","AbstractBidiMapDecorator","0.0"
"org.apache.commons.collections4.bidimap","AbstractDualBidiMap","0.30434782608695654"
"org.apache.commons.collections4.bidimap","AbstractOrderedBidiMapDecorator","0.0"
"org.apache.commons.collections4.bidimap","AbstractSortedBidiMapDecorator","0.0"
"org.apache.commons.collections4.bidimap","DualHashBidiMap","0.0"
"org.apache.commons.collections4.bidimap","DualLinkedHashBidiMap","0.0"
"org.apache.commons.collections4.bidimap","DualTreeBidiMap","0.0"
"org.apache.commons.collections4.bidimap","TreeBidiMap","0.06144393241167435"
"org.apache.commons.collections4.bidimap","UnmodifiableBidiMap","0.0"
"org.apache.commons.collections4.bidimap","UnmodifiableOrderedBidiMap","0.0"
"org.apache.commons.collections4.bidimap","UnmodifiableSortedBidiMap","0.0"
"org.apache.commons.collections4","BidiMap","0.0"
"org.apache.commons.collections4.bloomfilter","AbstractBloomFilter","0.09090909090909091"
"org.apache.commons.collections4.bloomfilter","ArrayCountingBloomFilter","0.17316017316017315"
"org.apache.commons.collections4.bloomfilter","BitSetBloomFilter","0.5833333333333334"
"org.apache.commons.collections4.bloomfilter","BloomFilter","0.0"
"org.apache.commons.collections4.bloomfilter","BloomFilterIndexer","0.0"
"org.apache.commons.collections4.bloomfilter","CountingBloomFilter","0.0"
"org.apache.commons.collections4.bloomfilter.hasher","Builder","0.0"
"org.apache.commons.collections4.bloomfilter.hasher.function","MD5Cyclic","0.0"
"org.apache.commons.collections4.bloomfilter.hasher.function","Murmur128x64Cyclic","0.0"
"org.apache.commons.collections4.bloomfilter.hasher.function","Murmur32x86Iterative","0.0"
"org.apache.commons.collections4.bloomfilter.hasher.function","ObjectsHashIterative","0.0"
"org.apache.commons.collections4.bloomfilter.hasher.function",,
"org.apache.commons.collections4.bloomfilter.hasher","Hasher","0.0"
"org.apache.commons.collections4.bloomfilter.hasher","HashFunction","0.0"
"org.apache.commons.collections4.bloomfilter.hasher","HashFunctionIdentity","0.0"
"org.apache.commons.collections4.bloomfilter.hasher","HashFunctionIdentityImpl","0.0"
"org.apache.commons.collections4.bloomfilter.hasher","HashFunctionValidator","0.0"
"org.apache.commons.collections4.bloomfilter.hasher","Shape","0.38095238095238093"
"org.apache.commons.collections4.bloomfilter.hasher","StaticHasher","0.4"
"org.apache.commons.collections4.bloomfilter","HasherBloomFilter","0.6666666666666666"
"org.apache.commons.collections4.bloomfilter",,
"org.apache.commons.collections4.bloomfilter","SetOperations","0.0"
"org.apache.commons.collections4","BoundedCollection","0.0"
"org.apache.commons.collections4","BoundedMap","0.0"
"org.apache.commons.collections4","Closure","0.0"
"org.apache.commons.collections4","ClosureUtils","0.0"
"org.apache.commons.collections4.collection","AbstractCollectionDecorator","0.007352941176470588"
"org.apache.commons.collections4.collection","CollectionMutator","0.0"
"org.apache.commons.collections4.collection","IndexedCollection","0.23333333333333334"
"org.apache.commons.collections4.collection","Builder","0.20512820512820512"
"org.apache.commons.collections4.collection","SynchronizedCollection","0.6140350877192983"
"org.apache.commons.collections4.collection","TransformedCollection","0.06666666666666667"
"org.apache.commons.collections4.collection","UnmodifiableBoundedCollection","0.0"
"org.apache.commons.collections4.collection","UnmodifiableCollection","0.0"
"org.apache.commons.collections4","CollectionUtils","0.0"
"org.apache.commons.collections4.comparators","BooleanComparator","0.5714285714285714"
"org.apache.commons.collections4.comparators","ComparableComparator","0.0"
"org.apache.commons.collections4.comparators","ComparatorChain","0.44871794871794873"
"org.apache.commons.collections4.comparators","UnknownObjectBehavior","0.0"
"org.apache.commons.collections4.comparators","NullComparator","1.0"
"org.apache.commons.collections4.comparators","ReverseComparator","1.0"
"org.apache.commons.collections4.comparators","TransformingComparator","1.0"
"org.apache.commons.collections4","ComparatorUtils","0.3333333333333333"
"org.apache.commons.collections4","EnumerationUtils","0.0"
"org.apache.commons.collections4","Equator","0.0"
"org.apache.commons.collections4","Factory","0.0"
"org.apache.commons.collections4","FactoryUtils","0.0"
"org.apache.commons.collections4","FluentIterable","0.5100806451612904"
"org.apache.commons.collections4","FunctorException","0.0"
"org.apache.commons.collections4.functors","AbstractQuantifierPredicate","0.0"
"org.apache.commons.collections4.functors","AllPredicate","0.0"
"org.apache.commons.collections4.functors","AndPredicate","0.3333333333333333"
"org.apache.commons.collections4.functors","AnyPredicate","0.0"
"org.apache.commons.collections4.functors","CatchAndRethrowClosure","0.0"
"org.apache.commons.collections4.functors","ChainedClosure","0.16666666666666666"
"org.apache.commons.collections4.functors","ChainedTransformer","0.16666666666666666"
"org.apache.commons.collections4.functors","CloneTransformer","0.0"
"org.apache.commons.collections4.functors","ClosureTransformer","0.3333333333333333"
"org.apache.commons.collections4.functors","Criterion","0.0"
"org.apache.commons.collections4.functors","ConstantFactory","0.3333333333333333"
"org.apache.commons.collections4.functors","ConstantTransformer","0.06666666666666667"
"org.apache.commons.collections4.functors","DefaultEquator","0.16666666666666666"
"org.apache.commons.collections4.functors","EqualPredicate","0.3333333333333333"
"org.apache.commons.collections4.functors","ExceptionClosure","0.3333333333333333"
"org.apache.commons.collections4.functors","ExceptionFactory","0.3333333333333333"
"org.apache.commons.collections4.functors","ExceptionPredicate","0.3333333333333333"
"org.apache.commons.collections4.functors","ExceptionTransformer","0.3333333333333333"
"org.apache.commons.collections4.functors","FactoryTransformer","0.3333333333333333"
"org.apache.commons.collections4.functors","FalsePredicate","0.3333333333333333"
"org.apache.commons.collections4.functors","ForClosure","0.3333333333333333"
"org.apache.commons.collections4.functors",,
"org.apache.commons.collections4.functors","IdentityPredicate","0.3333333333333333"
"org.apache.commons.collections4.functors","IfClosure","0.2"
"org.apache.commons.collections4.functors","IfTransformer","0.2"
"org.apache.commons.collections4.functors","InstanceofPredicate","0.3333333333333333"
"org.apache.commons.collections4.functors","InstantiateFactory","0.3333333333333333"
"org.apache.commons.collections4.functors","InstantiateTransformer","0.0"
"org.apache.commons.collections4.functors","InvokerTransformer","0.0"
"org.apache.commons.collections4.functors","MapTransformer","0.3333333333333333"
"org.apache.commons.collections4.functors","NonePredicate","0.0"
"org.apache.commons.collections4.functors","NOPClosure","0.3333333333333333"
"org.apache.commons.collections4.functors","NOPTransformer","0.3333333333333333"
"org.apache.commons.collections4.functors","NotNullPredicate","0.3333333333333333"
"org.apache.commons.collections4.functors","NotPredicate","0.3333333333333333"
"org.apache.commons.collections4.functors","NullIsExceptionPredicate","0.3333333333333333"
"org.apache.commons.collections4.functors","NullIsFalsePredicate","0.3333333333333333"
"org.apache.commons.collections4.functors","NullIsTruePredicate","0.3333333333333333"
"org.apache.commons.collections4.functors","NullPredicate","0.3333333333333333"
"org.apache.commons.collections4.functors","OnePredicate","0.0"
"org.apache.commons.collections4.functors","OrPredicate","0.3333333333333333"
"org.apache.commons.collections4.functors","PredicateDecorator","0.0"
"org.apache.commons.collections4.functors","PredicateTransformer","0.3333333333333333"
"org.apache.commons.collections4.functors","PrototypeFactory","0.0"
"org.apache.commons.collections4.functors","StringValueTransformer","0.3333333333333333"
"org.apache.commons.collections4.functors","SwitchClosure","0.2"
"org.apache.commons.collections4.functors","SwitchTransformer","0.2"
"org.apache.commons.collections4.functors","TransformedPredicate","0.3333333333333333"
"org.apache.commons.collections4.functors","TransformerClosure","0.3333333333333333"
"org.apache.commons.collections4.functors","TransformerPredicate","0.3333333333333333"
"org.apache.commons.collections4.functors","TruePredicate","0.3333333333333333"
"org.apache.commons.collections4.functors","UniquePredicate","0.0"
"org.apache.commons.collections4.functors","WhileClosure","0.3"
"org.apache.commons.collections4","Get","0.0"
"org.apache.commons.collections4","IterableGet","0.0"
"org.apache.commons.collections4","IterableMap","0.0"
"org.apache.commons.collections4","IterableSortedMap","0.0"
"org.apache.commons.collections4","IterableUtils","0.0"
"org.apache.commons.collections4.iterators",,
"org.apache.commons.collections4.iterators","AbstractEmptyMapIterator","0.0"
"org.apache.commons.collections4.iterators","AbstractIteratorDecorator","0.0"
"org.apache.commons.collections4.iterators","AbstractListIteratorDecorator","1.0"
"org.apache.commons.collections4.iterators","AbstractMapIteratorDecorator","1.0"
"org.apache.commons.collections4.iterators","AbstractOrderedMapIteratorDecorator","1.0"
"org.apache.commons.collections4.iterators","AbstractUntypedIteratorDecorator","1.0"
"org.apache.commons.collections4.iterators","ArrayIterator","0.21428571428571427"
"org.apache.commons.collections4.iterators","ArrayListIterator","0.21428571428571427"
"org.apache.commons.collections4.iterators","BoundedIterator","0.9"
"org.apache.commons.collections4.iterators","CollatingIterator","0.4166666666666667"
"org.apache.commons.collections4.iterators","EmptyIterator","0.0"
"org.apache.commons.collections4.iterators","EmptyListIterator","0.0"
"org.apache.commons.collections4.iterators","EmptyMapIterator","0.0"
"org.apache.commons.collections4.iterators","EmptyOrderedIterator","0.0"
"org.apache.commons.collections4.iterators","EmptyOrderedMapIterator","0.0"
"org.apache.commons.collections4.iterators","EntrySetMapIterator","0.8571428571428571"
"org.apache.commons.collections4.iterators","EnumerationIterator","0.7"
"org.apache.commons.collections4.iterators","FilterIterator","0.7142857142857143"
"org.apache.commons.collections4.iterators","FilterListIterator","0.25735294117647056"
"org.apache.commons.collections4.iterators","IteratorChain","0.3333333333333333"
"org.apache.commons.collections4.iterators","IteratorEnumeration","1.0"
"org.apache.commons.collections4.iterators","IteratorIterable","1.0"
"org.apache.commons.collections4.iterators","LazyIteratorChain","0.6"
"org.apache.commons.collections4.iterators","ListIteratorWrapper","1.0"
"org.apache.commons.collections4.iterators","LoopingIterator","0.8"
"org.apache.commons.collections4.iterators","LoopingListIterator","0.696969696969697"
"org.apache.commons.collections4.iterators","NodeListIterator","0.3333333333333333"
"org.apache.commons.collections4.iterators","ObjectArrayIterator","0.2857142857142857"
"org.apache.commons.collections4.iterators","ObjectArrayListIterator","0.21428571428571427"
"org.apache.commons.collections4.iterators","ObjectGraphIterator","0.7333333333333333"
"org.apache.commons.collections4.iterators","PeekingIterator","0.8095238095238095"
"org.apache.commons.collections4.iterators","PermutationIterator","0.3333333333333333"
"org.apache.commons.collections4.iterators","PushbackIterator","0.5"
"org.apache.commons.collections4.iterators","ReverseListIterator","1.0"
"org.apache.commons.collections4.iterators","SingletonIterator","1.0"
"org.apache.commons.collections4.iterators","SingletonListIterator","0.7111111111111111"
"org.apache.commons.collections4.iterators","SkippingIterator","1.0"
"org.apache.commons.collections4.iterators","TransformIterator","0.4642857142857143"
"org.apache.commons.collections4.iterators","UniqueFilterIterator","0.0"
"org.apache.commons.collections4.iterators","UnmodifiableIterator","0.5"
"org.apache.commons.collections4.iterators","UnmodifiableListIterator","0.509090909090909"
"org.apache.commons.collections4.iterators","UnmodifiableMapIterator","0.47619047619047616"
"org.apache.commons.collections4.iterators","UnmodifiableOrderedMapIterator","0.5833333333333334"
"org.apache.commons.collections4.iterators","ZippingIterator","0.6666666666666666"
"org.apache.commons.collections4","IteratorUtils","0.0"
"org.apache.commons.collections4.keyvalue","AbstractKeyValue","0.2"
"org.apache.commons.collections4.keyvalue","AbstractMapEntry","0.0"
"org.apache.commons.collections4.keyvalue","AbstractMapEntryDecorator","1.0"
"org.apache.commons.collections4.keyvalue","DefaultKeyValue","0.0"
"org.apache.commons.collections4.keyvalue","DefaultMapEntry","0.0"
"org.apache.commons.collections4.keyvalue","MultiKey","0.24175824175824176"
"org.apache.commons.collections4.keyvalue","TiedMapEntry","0.4"
"org.apache.commons.collections4.keyvalue","UnmodifiableMapEntry","0.0"
"org.apache.commons.collections4","KeyValue","0.0"
"org.apache.commons.collections4.list","AbstractLinkedList","0.09250693802035152"
"org.apache.commons.collections4.list","AbstractListDecorator","0.0"
"org.apache.commons.collections4.list","AbstractSerializableListDecorator","0.0"
"org.apache.commons.collections4.list","Cursor","0.17857142857142858"
"org.apache.commons.collections4.list","FixedSizeList","0.0"
"org.apache.commons.collections4.list","GrowthList","0.0"
"org.apache.commons.collections4.list","LazyList","0.3"
"org.apache.commons.collections4.list","NodeCachingLinkedList","0.3090909090909091"
"org.apache.commons.collections4.list","PredicatedList","0.0"
"org.apache.commons.collections4.list","SetUniqueList","0.4789473684210526"
"org.apache.commons.collections4.list","TransformedList","0.0"
"org.apache.commons.collections4.list","TreeList","0.3516483516483517"
"org.apache.commons.collections4.list","UnmodifiableList","0.0"
"org.apache.commons.collections4","ListUtils","0.0"
"org.apache.commons.collections4","ListValuedMap","0.0"
"org.apache.commons.collections4.map","AbstractHashedMap","0.16328502415458937"
"org.apache.commons.collections4.map",,
"org.apache.commons.collections4.map","AbstractIterableMap","0.0"
"org.apache.commons.collections4.map","AbstractLinkedMap","0.23529411764705882"
"org.apache.commons.collections4.map","AbstractMapDecorator","0.0"
"org.apache.commons.collections4.map","AbstractOrderedMapDecorator","0.0"
"org.apache.commons.collections4.map","ReferenceStrength","0.0"
"org.apache.commons.collections4.map","AbstractSortedMapDecorator","0.0"
"org.apache.commons.collections4.map","CaseInsensitiveMap","0.0"
"org.apache.commons.collections4.map","MapMutator","0.0"
"org.apache.commons.collections4.map","DefaultedMap","0.0"
"org.apache.commons.collections4.map","EntrySetToMapIteratorAdapter","0.2857142857142857"
"org.apache.commons.collections4.map","FixedSizeMap","0.0"
"org.apache.commons.collections4.map","FixedSizeSortedMap","0.0"
"org.apache.commons.collections4.map","Flat3Map","0.7285714285714285"
"org.apache.commons.collections4.map","HashedMap","0.0"
"org.apache.commons.collections4.map","LazyMap","0.1"
"org.apache.commons.collections4.map","LazySortedMap","0.0"
"org.apache.commons.collections4.map","LinkedMap","0.0"
"org.apache.commons.collections4.map","ListOrderedMap","0.24"
"org.apache.commons.collections4.map","LRUMap","0.1523809523809524"
"org.apache.commons.collections4.map","MultiKeyMap","0.0"
"org.apache.commons.collections4.map","MultiValueMap","0.005263157894736842"
"org.apache.commons.collections4.map","ExpirationPolicy","0.0"
"org.apache.commons.collections4.map","PredicatedMap","0.21428571428571427"
"org.apache.commons.collections4.map","PredicatedSortedMap","0.0"
"org.apache.commons.collections4.map","ReferenceIdentityMap","0.0"
"org.apache.commons.collections4.map","ReferenceMap","0.0"
"org.apache.commons.collections4.map","SingletonMap","0.07671957671957672"
"org.apache.commons.collections4.map","StaticBucketMap","0.33088235294117646"
"org.apache.commons.collections4.map","TransformedMap","0.21818181818181817"
"org.apache.commons.collections4.map","TransformedSortedMap","0.0"
"org.apache.commons.collections4.map","UnmodifiableEntrySet","0.0"
"org.apache.commons.collections4.map","UnmodifiableMap","0.0"
"org.apache.commons.collections4.map","UnmodifiableOrderedMap","0.0"
"org.apache.commons.collections4.map","UnmodifiableSortedMap","0.0"
"org.apache.commons.collections4","MapIterator","0.0"
"org.apache.commons.collections4","MapUtils","0.0"
"org.apache.commons.collections4.multimap","AbstractListValuedMap","0.0"
"org.apache.commons.collections4.multimap","AbstractMultiValuedMap","0.026455026455026454"
"org.apache.commons.collections4.multimap","AbstractMultiValuedMapDecorator","0.003952569169960474"
"org.apache.commons.collections4.multimap","AbstractSetValuedMap","0.0"
"org.apache.commons.collections4.multimap","ArrayListValuedHashMap","0.0"
"org.apache.commons.collections4.multimap","HashSetValuedHashMap","0.0"
"org.apache.commons.collections4.multimap","TransformedMultiValuedMap","0.17857142857142858"
"org.apache.commons.collections4.multimap","UnmodifiableMultiValuedMap","0.0"
"org.apache.commons.collections4","MultiMap","0.0"
"org.apache.commons.collections4","MultiMapUtils","0.01818181818181818"
"org.apache.commons.collections4.multiset","AbstractMapMultiSet","0.6432748538011696"
"org.apache.commons.collections4.multiset","AbstractMultiSet","0.0"
"org.apache.commons.collections4.multiset","AbstractMultiSetDecorator","0.0"
"org.apache.commons.collections4.multiset","HashMultiSet","0.0"
"org.apache.commons.collections4.multiset","PredicatedMultiSet","0.0"
"org.apache.commons.collections4.multiset","SynchronizedMultiSet","0.0"
"org.apache.commons.collections4.multiset","UnmodifiableMultiSet","0.0"
"org.apache.commons.collections4","MultiSet","0.0"
"org.apache.commons.collections4","MultiSetUtils","0.0"
"org.apache.commons.collections4","MultiValuedMap","0.0"
"org.apache.commons.collections4","OrderedBidiMap","0.0"
"org.apache.commons.collections4","OrderedIterator","0.0"
"org.apache.commons.collections4","OrderedMap","0.0"
"org.apache.commons.collections4","OrderedMapIterator","0.0"
"org.apache.commons.collections4","Predicate","0.0"
"org.apache.commons.collections4","PredicateUtils","0.0"
"org.apache.commons.collections4.properties","PropertyFormat","0.0"
"org.apache.commons.collections4.properties","PropertiesFactory","0.0"
"org.apache.commons.collections4.properties","SortedProperties","0.0"
"org.apache.commons.collections4.properties","SortedPropertiesFactory","0.0"
"org.apache.commons.collections4","Put","0.0"
"org.apache.commons.collections4.queue","AbstractQueueDecorator","0.0"
"org.apache.commons.collections4.queue","CircularFifoQueue","0.3790849673202614"
"org.apache.commons.collections4.queue","PredicatedQueue","0.0"
"org.apache.commons.collections4.queue","SynchronizedQueue","0.0"
"org.apache.commons.collections4.queue","TransformedQueue","0.0"
"org.apache.commons.collections4.queue","UnmodifiableQueue","0.0"
"org.apache.commons.collections4","QueueUtils","0.0"
"org.apache.commons.collections4","ResettableIterator","0.0"
"org.apache.commons.collections4","ResettableListIterator","0.0"
"org.apache.commons.collections4.sequence","CommandVisitor","0.0"
"org.apache.commons.collections4.sequence","DeleteCommand","0.0"
"org.apache.commons.collections4.sequence","EditCommand","0.0"
"org.apache.commons.collections4.sequence","EditScript","0.13333333333333333"
"org.apache.commons.collections4.sequence","InsertCommand","0.0"
"org.apache.commons.collections4.sequence","KeepCommand","0.0"
"org.apache.commons.collections4.sequence","ReplacementsFinder","0.6666666666666666"
"org.apache.commons.collections4.sequence","ReplacementsHandler","0.0"
"org.apache.commons.collections4.sequence","SequencesComparator","1.0"
"org.apache.commons.collections4.set","AbstractNavigableSetDecorator","0.0"
"org.apache.commons.collections4.set","AbstractSerializableSetDecorator","0.0"
"org.apache.commons.collections4.set","AbstractSetDecorator","0.0"
"org.apache.commons.collections4.set","AbstractSortedSetDecorator","0.0"
"org.apache.commons.collections4.set","SetMutator","0.0"
"org.apache.commons.collections4.set","ListOrderedSet","0.3473684210526316"
"org.apache.commons.collections4.set","MapBackedSet","0.7843137254901961"
"org.apache.commons.collections4.set","PredicatedNavigableSet","0.0"
"org.apache.commons.collections4.set","PredicatedSet","0.0"
"org.apache.commons.collections4.set","PredicatedSortedSet","0.0"
"org.apache.commons.collections4.set","TransformedNavigableSet","0.0"
"org.apache.commons.collections4.set","TransformedSet","0.0"
"org.apache.commons.collections4.set","TransformedSortedSet","0.0"
"org.apache.commons.collections4.set","UnmodifiableNavigableSet","0.0"
"org.apache.commons.collections4.set","UnmodifiableSet","0.0"
"org.apache.commons.collections4.set","UnmodifiableSortedSet","0.0"
"org.apache.commons.collections4","SetView","0.0"
"org.apache.commons.collections4","SetValuedMap","0.0"
"org.apache.commons.collections4","SortedBag","0.0"
"org.apache.commons.collections4","SortedBidiMap","0.0"
"org.apache.commons.collections4.splitmap","AbstractIterableGetMapDecorator","0.0"
"org.apache.commons.collections4.splitmap","TransformedSplitMap","0.08888888888888889"
"org.apache.commons.collections4","SplitMapUtils","0.0"
"org.apache.commons.collections4","Transformer","0.0"
"org.apache.commons.collections4","TransformerUtils","0.0"
"org.apache.commons.collections4.trie","AbstractBitwiseTrie","0.4166666666666667"
"org.apache.commons.collections4.trie",,
"org.apache.commons.collections4.trie.analyzer","StringKeyAnalyzer","0.6666666666666666"
"org.apache.commons.collections4.trie","KeyAnalyzer","0.0"
"org.apache.commons.collections4.trie","PatriciaTrie","0.0"
"org.apache.commons.collections4.trie","UnmodifiableTrie","0.6461538461538462"
"org.apache.commons.collections4","Trie","0.0"
"org.apache.commons.collections4","TrieUtils","0.0"
"org.apache.commons.collections4","Unmodifiable","0.0"
"org.apache.commons.collections4","AbstractArrayListTest","0.0"
"org.apache.commons.collections4","AbstractLinkedListTest","0.0"
"org.apache.commons.collections4","AbstractObjectTest","0.0"
"org.apache.commons.collections4","AbstractTreeMapTest","0.0"
"org.apache.commons.collections4","ArrayStackTest","0.0"
"org.apache.commons.collections4.bag","TestBagUniqueSet","0.0"
"org.apache.commons.collections4.bag","AbstractSortedBagTest","0.0"
"org.apache.commons.collections4.bag","CollectionBagTest","0.0"
"org.apache.commons.collections4.bag","CollectionSortedBagTest","0.0"
"org.apache.commons.collections4.bag","HashBagTest","0.0"
"org.apache.commons.collections4.bag","PredicatedBagTest","0.0"
"org.apache.commons.collections4.bag","PredicatedSortedBagTest","0.0"
"org.apache.commons.collections4.bag","SynchronizedBagTest","0.0"
"org.apache.commons.collections4.bag","TransformedBagTest","0.0"
"org.apache.commons.collections4.bag","TransformedSortedBagTest","0.0"
"org.apache.commons.collections4.bag","TreeBagTest","0.0"
"org.apache.commons.collections4.bag","UnmodifiableBagTest","0.0"
"org.apache.commons.collections4.bag","UnmodifiableSortedBagTest","0.0"
"org.apache.commons.collections4","BagUtilsTest","0.07142857142857142"
"org.apache.commons.collections4.bidimap","TestBidiMapIterator","0.0"
"org.apache.commons.collections4.bidimap","AbstractOrderedBidiMapDecoratorTest","0.0"
"org.apache.commons.collections4.bidimap","TestBidiOrderedMapIterator","0.0"
"org.apache.commons.collections4.bidimap","AbstractSortedBidiMapTest","0.0"
"org.apache.commons.collections4.bidimap","DualHashBidiMapTest","0.0"
"org.apache.commons.collections4.bidimap","DualLinkedHashBidiMapTest","0.0"
"org.apache.commons.collections4.bidimap","DualTreeBidiMap2Test","0.0"
"org.apache.commons.collections4.bidimap","DualTreeBidiMapTest","0.0"
"org.apache.commons.collections4.bidimap","TreeBidiMapTest","0.0"
"org.apache.commons.collections4.bidimap","UnmodifiableBidiMapTest","0.0"
"org.apache.commons.collections4.bidimap","UnmodifiableOrderedBidiMapTest","0.0"
"org.apache.commons.collections4.bidimap","UnmodifiableSortedBidiMapTest","0.0"
"org.apache.commons.collections4.bloomfilter","AbstractBloomFilterTest","0.4791666666666667"
"org.apache.commons.collections4.bloomfilter","ArrayCountingBloomFilterTest","0.020161290322580645"
"org.apache.commons.collections4.bloomfilter","BitSetBloomFilterTest","0.0"
"org.apache.commons.collections4.bloomfilter","BloomFilterIndexerTest","0.0"
"org.apache.commons.collections4.bloomfilter","DefaultBloomFilterMethodsTest","0.0"
"org.apache.commons.collections4.bloomfilter",,
"org.apache.commons.collections4.bloomfilter.hasher","DynamicHasherBuilderTest","1.0"
"org.apache.commons.collections4.bloomfilter.hasher","DynamicHasherTest","1.0"
"org.apache.commons.collections4.bloomfilter.hasher.function","AbstractHashFunctionTest","0.0"
"org.apache.commons.collections4.bloomfilter.hasher.function","MD5CyclicTest","0.0"
"org.apache.commons.collections4.bloomfilter.hasher.function","Murmur128x64CyclicTest","0.0"
"org.apache.commons.collections4.bloomfilter.hasher.function","Murmur32x86IterativeTest","0.0"
"org.apache.commons.collections4.bloomfilter.hasher.function","ObjectsHashIterativeTest","0.0"
"org.apache.commons.collections4.bloomfilter.hasher","HasherBuilderTest","0.0"
"org.apache.commons.collections4.bloomfilter.hasher","HashFunctionIdentityImplTest","0.0"
"org.apache.commons.collections4.bloomfilter.hasher","HashFunctionValidatorTest","0.0"
"org.apache.commons.collections4.bloomfilter.hasher","ShapeTest","0.541501976284585"
"org.apache.commons.collections4.bloomfilter.hasher","StaticHasherTest","1.0"
"org.apache.commons.collections4.bloomfilter","HasherBloomFilterTest","0.0"
"org.apache.commons.collections4.bloomfilter","IndexFilterTest","0.16666666666666666"
"org.apache.commons.collections4.bloomfilter","SetOperationsTest","1.0"
"org.apache.commons.collections4","BulkTest","0.0"
"org.apache.commons.collections4",,
"org.apache.commons.collections4","ClosureUtilsTest","0.0"
"org.apache.commons.collections4.collection","AbstractCollectionTest","0.0017730496453900709"
"org.apache.commons.collections4.collection","CompositeCollectionTest","0.33497536945812806"
"org.apache.commons.collections4.collection","IndexedCollectionTest","0.0"
"org.apache.commons.collections4.collection","PredicatedCollectionBuilderTest","0.0"
"org.apache.commons.collections4.collection","PredicatedCollectionTest","0.022222222222222223"
"org.apache.commons.collections4.collection","SynchronizedCollectionTest","0.0"
"org.apache.commons.collections4.collection","TransformedCollectionTest","0.05555555555555555"
"org.apache.commons.collections4.collection","UnmodifiableBoundedCollectionTest","0.0"
"org.apache.commons.collections4.collection","UnmodifiableCollectionTest","0.0"
"org.apache.commons.collections4","CollectionUtilsTest","0.05885026130424904"
"org.apache.commons.collections4.comparators","AbstractComparatorTest","0.0"
"org.apache.commons.collections4.comparators","TestNullComparator2","0.0"
"org.apache.commons.collections4.comparators","BooleanComparatorTest","0.0"
"org.apache.commons.collections4.comparators","ComparableComparatorTest","0.0"
"org.apache.commons.collections4.comparators","ColumnComparator","1.0"
"org.apache.commons.collections4.comparators","FixedOrderComparatorTest","0.6222222222222222"
"org.apache.commons.collections4.comparators","ReverseComparatorTest","0.0"
"org.apache.commons.collections4.comparators","TransformingComparatorTest","0.0"
"org.apache.commons.collections4","ComparatorUtilsTest","0.0"
"org.apache.commons.collections4","EnumerationUtilsTest","0.0"
"org.apache.commons.collections4","Mock3","0.0"
"org.apache.commons.collections4","FluentIterableTest","0.4985754985754986"
"org.apache.commons.collections4.functors","AbstractAnyAllOnePredicateTest","0.0"
"org.apache.commons.collections4.functors","AbstractClosureTest","0.0"
"org.apache.commons.collections4.functors","AbstractCompositePredicateTest","0.0"
"org.apache.commons.collections4.functors","AbstractMockPredicateTest","0.6666666666666666"
"org.apache.commons.collections4.functors","AbstractPredicateTest","0.0"
"org.apache.commons.collections4.functors","AllPredicateTest","0.0"
"org.apache.commons.collections4.functors","CatchAndRethrowClosureTest","0.0"
"org.apache.commons.collections4.functors","ComparatorPredicateTest","0.0"
"org.apache.commons.collections4.functors","EqualsTestObject","0.0"
"org.apache.commons.collections4.functors","NullPredicateTest","0.0"
"org.apache.commons.collections4","IterableUtilsTest","0.1471861471861472"
"org.apache.commons.collections4.iterators","AbstractIteratorTest","0.0"
"org.apache.commons.collections4.iterators","AbstractListIteratorTest","0.0"
"org.apache.commons.collections4.iterators","AbstractMapIteratorTest","0.0"
"org.apache.commons.collections4.iterators","AbstractOrderedMapIteratorTest","0.0"
"org.apache.commons.collections4.iterators","ArrayIterator2Test","0.10714285714285714"
"org.apache.commons.collections4.iterators","ArrayIteratorTest","0.06666666666666667"
"org.apache.commons.collections4.iterators","ArrayListIterator2Test","0.0"
"org.apache.commons.collections4.iterators","ArrayListIteratorTest","0.0"
"org.apache.commons.collections4.iterators","BoundedIteratorTest","0.875"
"org.apache.commons.collections4.iterators","CollatingIteratorTest","0.8333333333333334"
"org.apache.commons.collections4.iterators","FilterIteratorTest","0.27472527472527475"
"org.apache.commons.collections4.iterators","FilterListIteratorTest","0.5887445887445888"
"org.apache.commons.collections4.iterators","IteratorChainTest","0.25"
"org.apache.commons.collections4.iterators","IteratorEnumerationTest","0.0"
"org.apache.commons.collections4.iterators","IteratorIterableTest","0.0"
"org.apache.commons.collections4.iterators","LazyIteratorChainTest","0.25"
"org.apache.commons.collections4.iterators","ListIteratorWrapper2Test","0.26666666666666666"
"org.apache.commons.collections4.iterators","ListIteratorWrapperTest","0.26666666666666666"
"org.apache.commons.collections4.iterators","LoopingIteratorTest","0.0"
"org.apache.commons.collections4.iterators","LoopingListIteratorTest","0.0"
"org.apache.commons.collections4.iterators","NodeListIteratorTest","0.3333333333333333"
"org.apache.commons.collections4.iterators","ObjectArrayIteratorTest","0.06666666666666667"
"org.apache.commons.collections4.iterators","ObjectArrayListIterator2Test","0.0"
"org.apache.commons.collections4.iterators","ObjectArrayListIteratorTest","0.0"
"org.apache.commons.collections4.iterators","ObjectGraphIteratorTest","0.23529411764705882"
"org.apache.commons.collections4.iterators","PeekingIteratorTest","0.044444444444444446"
"org.apache.commons.collections4.iterators","PermutationIteratorTest","0.01818181818181818"
"org.apache.commons.collections4.iterators","PushbackIteratorTest","0.027777777777777776"
"org.apache.commons.collections4.iterators","ReverseListIteratorTest","0.0"
"org.apache.commons.collections4.iterators","SingletonIterator2Test","0.4"
"org.apache.commons.collections4.iterators","SingletonIteratorTest","0.14285714285714285"
"org.apache.commons.collections4.iterators","SingletonListIteratorTest","0.14285714285714285"
"org.apache.commons.collections4.iterators","SkippingIteratorTest","0.8461538461538461"
"org.apache.commons.collections4.iterators","UniqueFilterIteratorTest","0.16666666666666666"
"org.apache.commons.collections4.iterators","UnmodifiableIteratorTest","0.2"
"org.apache.commons.collections4.iterators","UnmodifiableListIteratorTest","0.10714285714285714"
"org.apache.commons.collections4.iterators","UnmodifiableMapIteratorTest","0.0"
"org.apache.commons.collections4.iterators","UnmodifiableOrderedMapIteratorTest","0.0"
"org.apache.commons.collections4.iterators","ZippingIteratorTest","0.8"
"org.apache.commons.collections4","IteratorUtilsTest","0.015239477503628448"
"org.apache.commons.collections4.junit","AbstractAvailableLocalesTest","0.0"
"org.apache.commons.collections4.junit","ObjectToStringComparator","0.0"
"org.apache.commons.collections4.junit","SetDefaultLocaleTestRule","0.0"
"org.apache.commons.collections4.keyvalue","AbstractMapEntryTest","0.16666666666666666"
"org.apache.commons.collections4.keyvalue","DefaultKeyValueTest","0.5357142857142857"
"org.apache.commons.collections4.keyvalue","DefaultMapEntryTest","0.0"
"org.apache.commons.collections4.keyvalue","MultiKeyTest","0.5769230769230769"
"org.apache.commons.collections4.keyvalue","TiedMapEntryTest","0.0"
"org.apache.commons.collections4.keyvalue","UnmodifiableMapEntryTest","0.0"
"org.apache.commons.collections4.list","AbstractLinkedListTest","0.0"
"org.apache.commons.collections4.list","TestListIterator","0.0"
"org.apache.commons.collections4.list","Collections701Test","0.0"
"org.apache.commons.collections4.list","CursorableLinkedListTest","0.8948051948051948"
"org.apache.commons.collections4.list","FixedSizeListTest","0.0"
"org.apache.commons.collections4.list","GrowthListTest","0.0"
"org.apache.commons.collections4.list","LazyListTest","0.0"
"org.apache.commons.collections4.list","NodeCachingLinkedListTest","0.0"
"org.apache.commons.collections4.list","PredicatedListTest","0.0"
"org.apache.commons.collections4.list","SetUniqueListTest","0.0026455026455026454"
"org.apache.commons.collections4.list","TransformedListTest","0.0"
"org.apache.commons.collections4.list","TreeListTest","0.0"
"org.apache.commons.collections4.list","UnmodifiableListTest","0.2727272727272727"
"org.apache.commons.collections4","ListUtilsTest","0.20923076923076922"
"org.apache.commons.collections4.map","InnerTestMapIterator","0.0"
"org.apache.commons.collections4.map","TestMapValues","0.0"
"org.apache.commons.collections4.map","InnerTestOrderedMapIterator","0.0"
"org.apache.commons.collections4.map","TestSubMap","0.5"
"org.apache.commons.collections4.map","CaseInsensitiveMapTest","0.0"
"org.apache.commons.collections4.map","CompositeMapTest","0.07692307692307693"
"org.apache.commons.collections4.map","DefaultedMapTest","0.047619047619047616"
"org.apache.commons.collections4.map",,
"org.apache.commons.collections4.map","FixedSizeMapTest","0.0"
"org.apache.commons.collections4.map","FixedSizeSortedMapTest","0.0"
"org.apache.commons.collections4.map","TestFlatMapIterator","0.0"
"org.apache.commons.collections4.map","HashedMapTest","0.0"
"org.apache.commons.collections4.map","IdentityMap","0.0"
"org.apache.commons.collections4.map","LazyMapTest","0.0"
"org.apache.commons.collections4.map","LazySortedMapTest","0.21428571428571427"
"org.apache.commons.collections4.map","TestListView","0.0"
"org.apache.commons.collections4.map","TestListView","0.0"
"org.apache.commons.collections4.map","TestValueListView","0.0"
"org.apache.commons.collections4.map","LRUMapTest","0.0"
"org.apache.commons.collections4.map","MultiKeyMapTest","0.11688311688311688"
"org.apache.commons.collections4.map","MultiValueMapTest","0.0"
"org.apache.commons.collections4.map","PassiveExpiringMapTest","0.0"
"org.apache.commons.collections4.map","PredicatedMapTest","0.0"
"org.apache.commons.collections4.map","PredicatedSortedMapTest","0.03636363636363636"
"org.apache.commons.collections4.map","ReferenceIdentityMapTest","0.030303030303030304"
"org.apache.commons.collections4.map","ReferenceMapTest","0.01818181818181818"
"org.apache.commons.collections4.map","SingletonMapTest","0.11538461538461539"
"org.apache.commons.collections4.map","StaticBucketMapTest","0.0"
"org.apache.commons.collections4.map","TransformedMapTest","0.0"
"org.apache.commons.collections4.map","TransformedSortedMapTest","0.0"
"org.apache.commons.collections4.map","UnmodifiableMapTest","0.0"
"org.apache.commons.collections4.map","UnmodifiableOrderedMapTest","0.0"
"org.apache.commons.collections4.map","UnmodifiableSortedMapTest","0.0"
"org.apache.commons.collections4","MapPerformance","0.0"
"org.apache.commons.collections4","MapUtilsTest","0.0013568521031207597"
"org.apache.commons.collections4","MockTestCase","0.3"
"org.apache.commons.collections4.multimap","TestMultiValuedMapAsMap","0.0"
"org.apache.commons.collections4.multimap","ArrayListValuedHashMapTest","0.0"
"org.apache.commons.collections4.multimap","HashSetValuedHashMapTest","0.0"
"org.apache.commons.collections4.multimap","TransformedMultiValuedMapTest","0.0"
"org.apache.commons.collections4.multimap","UnmodifiableMultiValuedMapTest","0.0"
"org.apache.commons.collections4","MultiMapUtilsTest","0.0"
"org.apache.commons.collections4.multiset","TestMultiSetUniqueSet","0.0"
"org.apache.commons.collections4.multiset","HashMultiSetTest","0.0"
"org.apache.commons.collections4.multiset","PredicatedMultiSetTest","0.0"
"org.apache.commons.collections4.multiset","SynchronizedMultiSetTest","0.0"
"org.apache.commons.collections4.multiset","UnmodifiableMultiSetTest","0.0"
"org.apache.commons.collections4","MultiSetUtilsTest","0.6"
"org.apache.commons.collections4","PredicateUtilsTest","0.0"
"org.apache.commons.collections4.properties","AbstractPropertiesFactoryTest","0.48717948717948717"
"org.apache.commons.collections4.properties","EmptyPropertiesTest","0.0"
"org.apache.commons.collections4.properties","PropertiesFactoryTest","0.0"
"org.apache.commons.collections4.properties","SortedPropertiesFactoryTest","0.0"
"org.apache.commons.collections4.properties","SortedPropertiesTest","0.0"
"org.apache.commons.collections4.queue","AbstractQueueTest","0.0"
"org.apache.commons.collections4.queue","CircularFifoQueueTest","0.0"
"org.apache.commons.collections4.queue","PredicatedQueueTest","0.027777777777777776"
"org.apache.commons.collections4.queue","SynchronizedQueueTest","0.0"
"org.apache.commons.collections4.queue","TransformedQueueTest","0.0"
"org.apache.commons.collections4.queue","UnmodifiableQueueTest","0.0"
"org.apache.commons.collections4","QueueUtilsTest","0.0"
"org.apache.commons.collections4.sequence","SequencesComparatorTest","0.2857142857142857"
"org.apache.commons.collections4.set","TestNavigableSetSubSet","0.0"
"org.apache.commons.collections4.set","AbstractSetTest","0.0"
"org.apache.commons.collections4.set","TestSortedSetSubSet","0.0"
"org.apache.commons.collections4.set","CompositeSetTest","0.0"
"org.apache.commons.collections4.set",,
"org.apache.commons.collections4.set","ListOrderedSet2Test","0.06666666666666667"
"org.apache.commons.collections4.set","ListOrderedSetTest","0.022222222222222223"
"org.apache.commons.collections4.set","MapBackedSet2Test","0.0"
"org.apache.commons.collections4.set","MapBackedSetTest","0.0"
"org.apache.commons.collections4.set","PredicatedNavigableSetTest","0.027777777777777776"
"org.apache.commons.collections4.set","PredicatedSetTest","0.0"
"org.apache.commons.collections4.set","PredicatedSortedSetTest","0.027777777777777776"
"org.apache.commons.collections4.set","TransformedNavigableSetTest","0.0"
"org.apache.commons.collections4.set","TransformedSetTest","0.0"
"org.apache.commons.collections4.set","TransformedSortedSetTest","0.0"
"org.apache.commons.collections4.set","UnmodifiableNavigableSetTest","0.2727272727272727"
"org.apache.commons.collections4.set","UnmodifiableSetTest","0.0"
"org.apache.commons.collections4.set","UnmodifiableSortedSetTest","0.2727272727272727"
"org.apache.commons.collections4","SetUtilsTest","0.1282051282051282"
"org.apache.commons.collections4.splitmap","TransformedSplitMapTest","0.16666666666666666"
"org.apache.commons.collections4","SplitMapUtilsTest","0.14285714285714285"
"org.apache.commons.collections4","TestUtils","0.0"
"org.apache.commons.collections4","TransformerUtilsTest","0.29411764705882354"
"org.apache.commons.collections4.trie","PatriciaTrie2Test","0.0"
"org.apache.commons.collections4.trie","PatriciaTrieTest","0.0"
"org.apache.commons.collections4.trie","UnmodifiableTrieTest","0.0"
"org.apache.commons.collections4","TrieUtilsTest","0.0"
